cpu,guest_memory_mib,metric,version,exact_version,value,median_value,cv,mad_ratio,status,ok_runs,failed_runs,failure_reasons
16,32768,expected_match_ratio,6.12,6.12.77,100.0,100.0,0.0,0.0,ok,10,0,
16,32768,expected_match_ratio,6.19,6.19.9,100.0,100.0,0.0,0.0,ok,10,0,
16,32768,expected_match_ratio,mm-unstable,7.1.0-rc3-mm-unstable-444fc9435e57,100.0,100.0,0.0,0.0,ok,10,0,
16,32768,iteration_ns_per_page,6.12,6.12.77,386.8,378.0,0.0559926240003511,0.04497354497354497,ok,10,0,
16,32768,iteration_ns_per_page,6.19,6.19.9,607.2,599.0,0.04341222366362381,0.03672787979966611,ok,10,0,
16,32768,iteration_ns_per_page,mm-unstable,7.1.0-rc3-mm-unstable-444fc9435e57,575.0,544.0,0.09309357990096614,0.022058823529411766,ok,10,0,
16,32768,post_touch_ns_per_page,6.12,6.12.77,262.4,258.0,0.053811431437454586,0.046511627906976744,ok,10,0,
16,32768,post_touch_ns_per_page,6.19,6.19.9,246.4,238.0,0.1128801367934576,0.037815126050420166,ok,10,0,
16,32768,post_touch_ns_per_page,mm-unstable,7.1.0-rc3-mm-unstable-444fc9435e57,261.4,256.0,0.08946674006583266,0.04296875,ok,10,0,
16,32768,protect_ns_per_page,6.12,6.12.77,61.8,61.0,0.0521828980472398,0.03278688524590164,ok,10,0,
16,32768,protect_ns_per_page,6.19,6.19.9,181.2,181.0,0.025859136704643973,0.016574585635359115,ok,10,0,
16,32768,protect_ns_per_page,mm-unstable,7.1.0-rc3-mm-unstable-444fc9435e57,157.0,151.0,0.13259019104879827,0.11258278145695365,ok,10,0,
16,32768,restore_ns_per_page,6.12,6.12.77,61.6,59.0,0.07923378882131223,0.03389830508474576,ok,10,0,
16,32768,restore_ns_per_page,6.19,6.19.9,178.6,178.0,0.03960923746138801,0.028089887640449437,ok,10,0,
16,32768,restore_ns_per_page,mm-unstable,7.1.0-rc3-mm-unstable-444fc9435e57,155.2,154.0,0.07772421806311716,0.03896103896103896,ok,10,0,
16,32768,unexpected_results,6.12,6.12.77,0.0,0.0,0.0,0.0,ok,10,0,
16,32768,unexpected_results,6.19,6.19.9,0.0,0.0,0.0,0.0,ok,10,0,
16,32768,unexpected_results,mm-unstable,7.1.0-rc3-mm-unstable-444fc9435e57,0.0,0.0,0.0,0.0,ok,10,0,
