point,kernel,rows,mean_ns_per_op,cv_pct,drop_first_mean_ns_per_op
v70-a,7.0.14-bm-7.0.14,15,218.201800,0.518633,218.099429
v71,7.1.3-bm-7.1.3,15,336.140000,3.267516,335.378500
parent-a,7.1.0-rc1-xattr-persb-p-076e5cef28e2,15,327.037200,2.240271,326.736071
child,7.1.0-rc1-xattr-persb-c-1e7cd8a53b72,15,208.446667,0.189207,208.488500
parent-b,7.1.0-rc1-xattr-persb-p-076e5cef28e2,15,323.640467,1.900889,323.519357
v70-b,7.0.14-bm-7.0.14,15,217.007333,0.230280,217.016786
